mae,rmse,r2
0.09343373775482178,0.3562204566216601,0.43999022245407104
